{
	"5": {
		"scaleFactor": 0.217847818686924,
		"records": [[1241, 931], [1054, 1185], [1057, 1071], [1077, 1122], [1277, 976], [1095, 886], [1039, 940], [1035, 1237], [1278, 1079], [1051, 1011], [1117, 1015], [1085, 1288], [1117, 954], [1115, 1198], [1204, 983]]
	},
	"10": {
		"scaleFactor": 0.1267891561978893,
		"records": [[702, 465], [801, 1179], [1215, 1530], [1174, 1083], [736, 744], [1782, 1353], [790, 1000], [736, 1065], [1842, 763], [498, 947], [531, 1441], [661, 1001], [1191, 1212], [1150, 1037], [834, 1509]]
	},
	"15": {
		"scaleFactor": 0.12204523477951683,
		"records": [[1809, 973], [1909, 579], [825, 183], [1107, 705], [1581, 109], [1327, 257], [1373, 1075], [502, 1341], [1537, 580], [1451, 1732], [1493, 982], [1473, 1131], [1602, 1192], [1048, 1342], [1945, 1150]]
	},
	"20": {
		"scaleFactor": 0.5879523120980281,
		"records": [[441, 385], [438, 663], [503, 707], [583, 756], [444, 520], [424, 617], [414, 689], [585, 431], [291, 731], [618, 641], [499, 571], [329, 754], [441, 603], [401, 765], [433, 744]]
	},
	"25": {
		"scaleFactor": 0.7064661576451076,
		"records": [[1092, 747], [1147, 484], [942, 480], [1039, 478], [1041, 413], [1023, 526], [927, 683], [1120, 535], [937, 669], [879, 426], [841, 562], [857, 577], [1115, 742], [820, 382], [916, 479]]
	}
}
